"","Date","Clicks","Clean.clicks","Clicks.MA7","Clicks.MA30"
"1",2015-07-01,18,18,NA,NA
"2",2015-07-02,11,11,NA,NA
"3",2015-07-03,5,5,NA,NA
"4",2015-07-04,13,13,11.2857142857143,NA
"5",2015-07-05,14,14,11.8571428571429,NA
"6",2015-07-06,9,9,14,NA
"7",2015-07-07,9,9,16.7142857142857,NA
"8",2015-07-08,22,22,17.5714285714286,NA
"9",2015-07-09,26,26,17,NA
"10",2015-07-10,24,24,17.7142857142857,NA
"11",2015-07-11,19,19,18.5714285714286,NA
"12",2015-07-12,10,10,16.5714285714286,NA
"13",2015-07-13,14,14,15.1428571428571,NA
"14",2015-07-14,15,15,12.8571428571429,NA
"15",2015-07-15,8,8,11.2857142857143,NA
"16",2015-07-16,16,16,12.1428571428571,13.7
"17",2015-07-17,8,8,11.1428571428571,13.4333333333333
"18",2015-07-18,8,8,10.5714285714286,13.4
"19",2015-07-19,16,16,10.8571428571429,13.3666666666667
"20",2015-07-20,7,7,11.4285714285714,13.25
"21",2015-07-21,11,11,12.8571428571429,13.2333333333333
"22",2015-07-22,10,10,13.8571428571429,13.2
"23",2015-07-23,20,20,13.5714285714286,12.8666666666667
"24",2015-07-24,18,18,14.2857142857143,12.3166666666667
"25",2015-07-25,15,15,14.1428571428571,11.8333333333333
"26",2015-07-26,14,14,15,11.3666666666667
"27",2015-07-27,49,12,14.7142857142857,11.1166666666667
"28",2015-07-28,10,10,13.2857142857143,11.0166666666667
"29",2015-07-29,16,16,11.8571428571429,10.8333333333333
"30",2015-07-30,18,18,11.1428571428571,10.75
"31",2015-07-31,8,8,10.4285714285714,10.7166666666667
"32",2015-08-01,5,5,10.8571428571429,10.6
"33",2015-08-02,9,9,9.85714285714286,10.65
"34",2015-08-03,7,7,8.28571428571428,10.9166666666667
"35",2015-08-04,13,13,7.71428571428571,11.1
"36",2015-08-05,9,9,8.57142857142857,11.0333333333333
"37",2015-08-06,7,7,8.71428571428571,10.8666666666667
"38",2015-08-07,4,4,8.42857142857143,10.8
"39",2015-08-08,11,11,7.85714285714286,10.55
"40",2015-08-09,10,10,7.85714285714286,10.2833333333333
"41",2015-08-10,5,5,8.14285714285714,10.1916666666667
"42",2015-08-11,9,9,8.85714285714286,10
"43",2015-08-12,9,9,9.14285714285714,9.8
"44",2015-08-13,9,9,8.28571428571428,9.66666666666667
"45",2015-08-14,9,9,9.71428571428571,9.38333333333333
"46",2015-08-15,13,13,12,9.16666666666666
"47",2015-08-16,4,4,12,9.26666666666667
"48",2015-08-17,15,15,11.4285714285714,9.35
"49",2015-08-18,25,25,11,9.41666666666667
"50",2015-08-19,9,9,12,9.45
"51",2015-08-20,5,5,11.8571428571429,9.45
"52",2015-08-21,6,6,11.7142857142857,9.51666666666667
"53",2015-08-22,20,20,9.5,9.73333333333334
"54",2015-08-23,3,3,8.92857142857143,9.81666666666667
"55",2015-08-24,14,14,8.92857142857143,9.71666666666667
"56",2015-08-25,46,9.5,9.92857142857143,9.75
"57",2015-08-26,5,5,7.64285714285714,9.7
"58",2015-08-27,5,5,8.5,9.6
"59",2015-08-28,13,13,7.92857142857143,9.58333333333334
"60",2015-08-29,4,4,7.85714285714286,9.6
"61",2015-08-30,9,9,8.71428571428571,9.5
"62",2015-08-31,10,10,9.57142857142857,9.53333333333333
"63",2015-09-01,9,9,9.28571428571429,9.7
"64",2015-09-02,11,11,10,9.4
"65",2015-09-03,11,11,10.8571428571429,9.33333333333333
"66",2015-09-04,11,11,10.1428571428571,9.65
"67",2015-09-05,9,9,10.2857142857143,9.8
"68",2015-09-06,15,15,9.71428571428571,9.75
"69",2015-09-07,5,5,8.71428571428572,9.7
"70",2015-09-08,10,10,8.28571428571428,9.78333333333333
"71",2015-09-09,7,7,8.28571428571429,9.725
"72",2015-09-10,4,4,7.57142857142857,9.68333333333333
"73",2015-09-11,8,8,7.71428571428571,9.8
"74",2015-09-12,9,9,8.14285714285714,9.91666666666667
"75",2015-09-13,10,10,9.42857142857143,9.96666666666667
"76",2015-09-14,6,6,9.71428571428571,10.0166666666667
"77",2015-09-15,13,13,12,10.2
"78",2015-09-16,16,16,12,10.3333333333333
"79",2015-09-17,6,6,12.1428571428571,10.3666666666667
"80",2015-09-18,24,24,13,10.3833333333333
"81",2015-09-19,9,9,12.2857142857143,10.4
"82",2015-09-20,11,11,12,10.4
"83",2015-09-21,12,12,12,10.2166666666667
"84",2015-09-22,8,8,9.42857142857143,10.15
"85",2015-09-23,14,14,9.71428571428571,10.1166666666667
"86",2015-09-24,6,6,10.1428571428571,10.1
"87",2015-09-25,6,6,9.28571428571428,10.475
"88",2015-09-26,11,11,9.57142857142857,11.2166666666667
"89",2015-09-27,14,14,10.4285714285714,11.6
"90",2015-09-28,6,6,10.5714285714286,11.6
"91",2015-09-29,10,10,11.8571428571429,11.6833333333333
"92",2015-09-30,20,20,11.4285714285714,11.65
"93",2015-10-01,7,7,11.5714285714286,11.5
"94",2015-10-02,15,15,11.4285714285714,11.75
"95",2015-10-03,8,8,11.1428571428571,11.9833333333333
"96",2015-10-04,15,15,9.42857142857143,11.7833333333333
"97",2015-10-05,5,5,9.14285714285714,11.5833333333333
"98",2015-10-06,8,8,8.57142857142857,11.4833333333333
"99",2015-10-07,8,8,10.6428571428571,11.45
"100",2015-10-08,5,5,13.3571428571429,11.45
"101",2015-10-09,11,11,13.5,11.7
"102",2015-10-10,165,22.5,14.2142857142857,11.9666666666667
"103",2015-10-11,34,34,14.2142857142857,12
"104",2015-10-12,6,6,14.7857142857143,11.9333333333333
"105",2015-10-13,13,13,14.7857142857143,11.9666666666667
"106",2015-10-14,8,8,15.2857142857143,12
"107",2015-10-15,9,9,13,11.7666666666667
"108",2015-10-16,11,11,12.5714285714286,11.6333333333333
"109",2015-10-17,26,26,11.4285714285714,11.8333333333333
"110",2015-10-18,18,18,12,11.95
"111",2015-10-19,3,3,11.5714285714286,11.7666666666667
"112",2015-10-20,5,5,12.2857142857143,11.6666666666667
"113",2015-10-21,12,12,11.2857142857143,11.85
"114",2015-10-22,6,6,10,12.0666666666667
"115",2015-10-23,16,16,11,12.2333333333333
"116",2015-10-24,19,19,11.8571428571429,12.3
"117",2015-10-25,9,9,11.7142857142857,12.0083333333333
"118",2015-10-26,10,10,11.8571428571429,11.25
"119",2015-10-27,11,11,10.8571428571429,11
"120",2015-10-28,11,11,9.57142857142857,11.1166666666667
"121",2015-10-29,7,7,11.7142857142857,10.9916666666667
"122",2015-10-30,9,9,11.1428571428571,10.9833333333333
"123",2015-10-31,10,10,10.4285714285714,10.95
"124",2015-11-01,24,24,10,10.6833333333333
"125",2015-11-02,6,6,11.2857142857143,10.3333333333333
"126",2015-11-03,6,6,11.8571428571429,10.45
"127",2015-11-04,8,8,11.8571428571429,10.85
"128",2015-11-05,16,16,9.85714285714286,11.05
"129",2015-11-06,13,13,9.85714285714286,11.1666666666667
"130",2015-11-07,10,10,9.71428571428571,11.1666666666667
"131",2015-11-08,10,10,11.4285714285714,10.95
"132",2015-11-09,6,6,10,10.8666666666667
"133",2015-11-10,5,5,9.21428571428571,10.9333333333333
"134",2015-11-11,20,20,9.07142857142857,11
"135",2015-11-12,6,6,8.92857142857143,11.1166666666667
"136",2015-11-13,47,7.5,9.78571428571428,11.2666666666667
"137",2015-11-14,9,9,10.6428571428571,11.3416666666667
"138",2015-11-15,9,9,10.2142857142857,11.25
"139",2015-11-16,12,12,11.5,11.1333333333333
"140",2015-11-17,11,11,12.4285714285714,11.75
"141",2015-11-18,17,17,12.7142857142857,12.9166666666667
"142",2015-11-19,15,15,13,13.7833333333333
"143",2015-11-20,14,14,12.8571428571429,14.4333333333333
"144",2015-11-21,11,11,13,14.85
"145",2015-11-22,97,11,12.1428571428571,15
"146",2015-11-23,11,11,12,15.2833333333333
"147",2015-11-24,12,12,12.1428571428571,15.5833333333333
"148",2015-11-25,11,11,12.2857142857143,15.7916666666667
"149",2015-11-26,14,14,11.9285714285714,15.95
"150",2015-11-27,15,15,11.0714285714286,16.1666666666667
"151",2015-11-28,12,12,12.5,16.3916666666667
"152",2015-11-29,104,8.5,17.3571428571429,16.6333333333333
"153",2015-11-30,5,5,20.6428571428571,16.9333333333333
"154",2015-12-01,22,22,22.6428571428571,17.0666666666667
"155",2015-12-02,45,45,25.7857142857143,17.5166666666667
"156",2015-12-03,75,37,27.4285714285714,18.2166666666667
"157",2015-12-04,29,29,28.4285714285714,18.4666666666667
"158",2015-12-05,34,34,28.8571428571429,18.4666666666667
"159",2015-12-06,20,20,23.7142857142857,18.55
"160",2015-12-07,12,12,20.5,18.7833333333333
"161",2015-12-08,25,25,19.2142857142857,19.3166666666667
"162",2015-12-09,9,9,17.0714285714286,19.8833333333333
"163",2015-12-10,62,14.5,15.3571428571429,20.6833333333333
"164",2015-12-11,20,20,16.9285714285714,21.5833333333333
"165",2015-12-12,19,19,15.2142857142857,22.0666666666667
"166",2015-12-13,8,8,16.2142857142857,22.1833333333333
"167",2015-12-14,23,23,19,22.4583333333333
"168",2015-12-15,13,13,21.2857142857143,22.8833333333333
"169",2015-12-16,16,16,20.1428571428571,22.95
"170",2015-12-17,34,34,21.5714285714286,22.2833333333333
"171",2015-12-18,36,36,20,21.3333333333333
"172",2015-12-19,11,11,21.5714285714286,20.6
"173",2015-12-20,18,18,23.5714285714286,19.9666666666667
"174",2015-12-21,12,12,22.5714285714286,19.7166666666667
"175",2015-12-22,24,24,23.7142857142857,19.8333333333333
"176",2015-12-23,30,30,27.1428571428571,19.9
"177",2015-12-24,27,27,27.8571428571429,20.2
"178",2015-12-25,44,44,27.7142857142857,20.5416666666667
"179",2015-12-26,35,35,28,20.4666666666667
"180",2015-12-27,53,23,25.5714285714286,20.45
"181",2015-12-28,11,11,24.2857142857143,20.6166666666667
"182",2015-12-29,26,26,19.2857142857143,20.6
"183",2015-12-30,13,13,16.5714285714286,20.6833333333333
"184",2015-12-31,18,18,14.1428571428571,20.9
"185",2016-01-01,9,9,15.2857142857143,20.55
"186",2016-01-02,16,16,14.4285714285714,20.05
"187",2016-01-03,6,6,15.2857142857143,20.0166666666667
"188",2016-01-04,19,19,15.8571428571429,20.05
"189",2016-01-05,20,20,18.8571428571429,20.3
"190",2016-01-06,19,19,18.5714285714286,20.75
"191",2016-01-07,22,22,20,20.6333333333333
"192",2016-01-08,30,30,20.4285714285714,20.5833333333333
"193",2016-01-09,14,14,19.7142857142857,20.3333333333333
"194",2016-01-10,16,16,19.1428571428571,19.4666666666667
"195",2016-01-11,22,22,19.7142857142857,18.8833333333333
"196",2016-01-12,15,15,17.7142857142857,18.7166666666667
"197",2016-01-13,15,15,17.5714285714286,18.6666666666667
"198",2016-01-14,26,26,19.1428571428571,18.55
"199",2016-01-15,16,16,18.5714285714286,18.4166666666667
"200",2016-01-16,13,13,18.2857142857143,18.5166666666667
"201",2016-01-17,27,27,20.7142857142857,18.5666666666667
"202",2016-01-18,18,18,21.4285714285714,18.75
"203",2016-01-19,13,13,21.4285714285714,19
"204",2016-01-20,32,32,25,18.8166666666667
"205",2016-01-21,31,31,23.7142857142857,18.7833333333333
"206",2016-01-22,16,16,22.4285714285714,18.7666666666667
"207",2016-01-23,38,38,22.5714285714286,18.2666666666667
"208",2016-01-24,18,18,19.4285714285714,17.8666666666667
"209",2016-01-25,9,9,18.4285714285714,17.7166666666667
"210",2016-01-26,14,14,17.2857142857143,17.4166666666667
"211",2016-01-27,10,10,14,17.55
"212",2016-01-28,24,24,14,17.9
"213",2016-01-29,8,8,14.1428571428571,17.9833333333333
"214",2016-01-30,15,15,15.4285714285714,17.95
"215",2016-01-31,18,18,16.4285714285714,17.8
"216",2016-02-01,10,10,14.5714285714286,17.5166666666667
"217",2016-02-02,23,23,17.1428571428571,17.35
"218",2016-02-03,17,17,17,17.3833333333333
"219",2016-02-04,11,11,15.5714285714286,17.0166666666667
"220",2016-02-05,26,26,15.8571428571429,16.3666666666667
"221",2016-02-06,14,14,13.8571428571429,15.9833333333333
"222",2016-02-07,8,8,13,15.4833333333333
"223",2016-02-08,12,12,16.2857142857143,15.0333333333333
"224",2016-02-09,9,9,15,15.0666666666667
"225",2016-02-10,11,11,17.1428571428571,15.2166666666667
"226",2016-02-11,34,34,17.5714285714286,15.4833333333333
"227",2016-02-12,17,17,17.1428571428571,15.5
"228",2016-02-13,29,29,17.8571428571429,15.3833333333333
"229",2016-02-14,11,11,19.2857142857143,15.7666666666667
"230",2016-02-15,9,9,16.1428571428571,16.1
"231",2016-02-16,14,14,15.2857142857143,16.6333333333333
"232",2016-02-17,21,21,13,17.0333333333333
"233",2016-02-18,12,12,13,16.7
"234",2016-02-19,11,11,13.5714285714286,16.6666666666667
"235",2016-02-20,13,13,13.8571428571429,16.65
"236",2016-02-21,11,11,12.7142857142857,16.3833333333333
"237",2016-02-22,13,13,13.7142857142857,16.5
"238",2016-02-23,16,16,15.1428571428571,16.7833333333333
"239",2016-02-24,13,13,15.2857142857143,17.0166666666667
"240",2016-02-25,19,19,15.2857142857143,17.1166666666667
"241",2016-02-26,21,21,18.4285714285714,16.65
"242",2016-02-27,14,14,18.7142857142857,16.2333333333333
"243",2016-02-28,11,11,22.8571428571429,15.9
"244",2016-02-29,35,35,22.2857142857143,15.55
"245",2016-03-01,18,18,20,15.6166666666667
"246",2016-03-02,42,42,21,15.75
"247",2016-03-03,15,15,21.5714285714286,15.55
"248",2016-03-04,5,5,17.8571428571429,15.4
"249",2016-03-05,21,21,18.1428571428571,15.5333333333333
"250",2016-03-06,56,15,14.5714285714286,15.5333333333333
"251",2016-03-07,9,9,15,15.5166666666667
"252",2016-03-08,20,20,15.4285714285714,15.5
"253",2016-03-09,17,17,13.7142857142857,15.3333333333333
"254",2016-03-10,18,18,14,15.2333333333333
"255",2016-03-11,8,8,14,15.1333333333333
"256",2016-03-12,9,9,12.5714285714286,14.9833333333333
"257",2016-03-13,17,17,12.1428571428571,14.9916666666667
"258",2016-03-14,9,9,12,15.0166666666667
"259",2016-03-15,10,10,11.7142857142857,14.7333333333333
"260",2016-03-16,14,14,13,14.4333333333333
"261",2016-03-17,17,17,12.4285714285714,13.9166666666667
"262",2016-03-18,6,6,12.7142857142857,13.4
"263",2016-03-19,18,18,13,13.5166666666667
"264",2016-03-20,13,13,12.5714285714286,13.45
"265",2016-03-21,11,11,11.2857142857143,13.2708333333333
"266",2016-03-22,12,12,12.5714285714286,13.5333333333333
"267",2016-03-23,11,11,11.5714285714286,13.9541666666667
"268",2016-03-24,8,8,12.5714285714286,14.4833333333333
"269",2016-03-25,15,15,13.2142857142857,15.0722222222222
"270",2016-03-26,11,11,13.0714285714286,15.6222222222222
"271",2016-03-27,20,20,14.0714285714286,16.1333333333333
"272",2016-03-28,59,15.5,15.3571428571429,16.3777777777778
"273",2016-03-29,11,11,14.9285714285714,16.5777777777778
"274",2016-03-30,18,18,15.3571428571429,16.85
"275",2016-03-31,17,17,14.3571428571429,17.0166666666667
"276",2016-04-01,12,12,13.4285714285714,17.1666666666667
"277",2016-04-02,14,14,14.1785714285714,17.4333333333333
"278",2016-04-03,13,13,14.9642857142857,17.6833333333333
"279",2016-04-04,9,9,16.9285714285714,17.85
"280",2016-04-05,490,16.25,20.6428571428571,18.1166666666667
"281",2016-04-06,189,23.5,23.2619047619048,18.8333333333333
"282",2016-04-07,102,30.75,25.2142857142857,19.2833333333333
"283",2016-04-08,38,38,26.9285714285714,19.5833333333333
"284",2016-04-09,126,32.3333333333333,27.4166666666667,20
"285",2016-04-10,71,26.6666666666667,26.6785714285714,20.2666666666667
"286",2016-04-11,21,21,24.7142857142857,20.8333333333333
"287",2016-04-12,57,19.6666666666667,21.7142857142857,21.225
"288",2016-04-13,79,18.3333333333333,20.3809523809524,21.35
"289",2016-04-14,17,17,18.8571428571429,21.3666666666667
"290",2016-04-15,17,17,19.1428571428571,21.5166666666667
"291",2016-04-16,23,23,18.9047619047619,21.8166666666667
"292",2016-04-17,16,16,19.4285714285714,21.95
"293",2016-04-18,23,23,23.2857142857143,21.9833333333333
"294",2016-04-19,18,18,21.7142857142857,22.1666666666667
"295",2016-04-20,22,22,22.8571428571429,22.4458333333333
"296",2016-04-21,44,44,23,22.4666666666667
"297",2016-04-22,6,6,23.2857142857143,22.0625
"298",2016-04-23,31,31,26.4285714285714,21.9333333333333
"299",2016-04-24,17,17,26,21.9611111111111
"300",2016-04-25,25,25,21.8571428571429,21.9944444444444
"301",2016-04-26,40,40,23.1428571428571,22.2333333333333
"302",2016-04-27,19,19,22.8571428571429,22.2888888888889
"303",2016-04-28,15,15,23,22.3888888888889
"304",2016-04-29,15,15,21.7142857142857,22.55
"305",2016-04-30,29,29,17.8571428571429,22.6166666666667
"306",2016-05-01,18,18,18,22.5333333333333
"307",2016-05-02,16,16,19,22.7833333333333
"308",2016-05-03,13,13,19.5714285714286,22.9833333333333
"309",2016-05-04,20,20,17,22.7666666666667
"310",2016-05-05,22,22,21.5714285714286,22.55
"311",2016-05-06,19,19,22.4285714285714,21.9166666666667
"312",2016-05-07,11,11,26.1428571428571,21.5333333333333
"313",2016-05-08,50,50,26.5714285714286,21.3166666666667
"314",2016-05-09,22,22,26.4285714285714,21.0333333333333
"315",2016-05-10,39,39,27,21.0166666666667
"316",2016-05-11,23,23,28.5714285714286,20.5833333333333
"317",2016-05-12,21,21,23.7142857142857,20.15
"318",2016-05-13,23,23,23.2857142857143,20.0166666666667
"319",2016-05-14,22,22,22.7142857142857,19.9666666666667
"320",2016-05-15,16,16,21.7142857142857,19.7666666666667
"321",2016-05-16,19,19,20.4285714285714,19.5333333333333
"322",2016-05-17,35,35,19.2857142857143,19.5833333333333
"323",2016-05-18,16,16,18,19.9
"324",2016-05-19,12,12,17.7142857142857,20.0166666666667
"325",2016-05-20,15,15,16.4285714285714,19.7166666666667
"326",2016-05-21,13,13,14.4285714285714,19.4666666666667
"327",2016-05-22,14,14,15,19.45
"328",2016-05-23,10,10,16,18.9666666666667
"329",2016-05-24,21,21,15.8571428571429,18.3666666666667
"330",2016-05-25,20,20,15.7142857142857,17.8166666666667
"331",2016-05-26,19,19,15.8571428571429,17.1333333333333
"332",2016-05-27,14,14,16.8571428571429,16.8166666666667
"333",2016-05-28,12,12,16.1428571428571,16.6166666666667
"334",2016-05-29,15,15,16.2857142857143,16.4
"335",2016-05-30,17,17,17.4285714285714,16.2166666666667
"336",2016-05-31,16,16,17.2857142857143,16.1333333333333
"337",2016-06-01,21,21,17.1428571428571,15.7666666666667
"338",2016-06-02,27,27,17.1428571428571,15.4
"339",2016-06-03,13,13,16.7142857142857,15.35
"340",2016-06-04,11,11,17,15.2166666666667
"341",2016-06-05,15,15,16.5714285714286,15.1666666666667
"342",2016-06-06,14,14,14.1428571428571,15.4333333333333
"343",2016-06-07,18,18,13.8571428571429,15.8333333333333
"344",2016-06-08,18,18,14.2857142857143,15.8166666666667
"345",2016-06-09,10,10,14.7142857142857,15.6333333333333
"346",2016-06-10,11,11,14.7142857142857,15.6
"347",2016-06-11,14,14,14,15.5166666666667
"348",2016-06-12,18,18,13.8571428571429,15.4833333333333
"349",2016-06-13,14,14,14.5714285714286,15.5166666666667
"350",2016-06-14,13,13,15,15.6666666666667
"351",2016-06-15,17,17,14.5714285714286,15.7
"352",2016-06-16,15,15,13.1428571428571,15.6166666666667
"353",2016-06-17,14,14,13.5714285714286,15.4333333333333
"354",2016-06-18,234,11,15.4285714285714,15.3
"355",2016-06-19,8,8,16.1428571428571,15.4166666666667
"356",2016-06-20,62,17,15.1428571428571,15.55
"357",2016-06-21,26,26,16.2857142857143,15.7166666666667
"358",2016-06-22,22,22,16.8571428571429,15.7833333333333
"359",2016-06-23,8,8,17.5714285714286,15.9333333333333
"360",2016-06-24,22,22,16.7142857142857,16.55
"361",2016-06-25,15,15,15.5714285714286,17.45
"362",2016-06-26,69,13,15.7142857142857,18.45
"363",2016-06-27,11,11,16.2857142857143,18.95
"364",2016-06-28,18,18,16,19
"365",2016-06-29,23,23,16.2857142857143,19.1
"366",2016-06-30,12,12,16.5714285714286,19.15
"367",2016-07-01,20,20,17.2857142857143,19.15
"368",2016-07-02,17,17,17.2857142857143,19.15
"369",2016-07-03,15,15,17,19.2333333333333
"370",2016-07-04,16,16,17.4285714285714,19.5666666666667
"371",2016-07-05,18,18,18.8571428571429,19.9166666666667
"372",2016-07-06,21,21,21.4285714285714,19.8666666666667
"373",2016-07-07,15,15,25,19.8666666666667
"374",2016-07-08,30,30,29.1428571428571,20.0666666666667
"375",2016-07-09,115,35,29,19.9833333333333
"376",2016-07-10,56,40,28.5714285714286,19.8833333333333
"377",2016-07-11,45,45,28.5714285714286,20
"378",2016-07-12,17,17,26.8571428571429,20.4
"379",2016-07-13,18,18,23.8571428571429,20.8666666666667
"380",2016-07-14,15,15,20.2857142857143,21.1
"381",2016-07-15,18,18,16,21.2
"382",2016-07-16,14,14,17,21.1833333333333
"383",2016-07-17,15,15,17.5714285714286,21.2
"384",2016-07-18,15,15,18,21.2833333333333
"385",2016-07-19,24,24,19.7142857142857,21.35
"386",2016-07-20,22,22,19.4285714285714,21.4
"387",2016-07-21,18,18,19.1428571428571,21.9
"388",2016-07-22,30,30,19.5714285714286,22.2833333333333
"389",2016-07-23,12,12,18.5714285714286,22.0166666666667
"390",2016-07-24,13,13,19.8571428571429,21.6833333333333
"391",2016-07-25,18,18,21,21.55
"392",2016-07-26,17,17,20.8571428571429,21.2
"393",2016-07-27,31,31,20.8571428571429,21.05
"394",2016-07-28,26,26,21.7142857142857,21.8833333333333
"395",2016-07-29,29,29,21.8571428571429,22.5333333333333
"396",2016-07-30,12,12,22,22.6666666666667
"397",2016-07-31,19,19,20,22.7666666666667
"398",2016-08-01,19,19,19.1428571428571,22.7166666666667
"399",2016-08-02,57,18,22,23.2333333333333
"400",2016-08-03,17,17,21.7142857142857,24.1
"401",2016-08-04,20,20,21.7142857142857,24.65
"402",2016-08-05,49,49,22.7142857142857,24.8166666666667
"403",2016-08-06,10,10,26,24.7333333333333
"404",2016-08-07,19,19,26.8571428571429,24.8666666666667
"405",2016-08-08,26,26,28.2857142857143,25.3333333333333
"406",2016-08-09,41,41,29.1428571428571,25.7
"407",2016-08-10,23,23,30.1428571428571,25.6833333333333
"408",2016-08-11,30,30,30.8571428571429,25.7833333333333
"409",2016-08-12,55,55,29.1428571428571,25.75
"410",2016-08-13,17,17,25,25.3833333333333
"411",2016-08-14,24,24,28.7142857142857,25.4333333333333
"412",2016-08-15,14,14,30.4285714285714,25.4833333333333
"413",2016-08-16,12,12,27.8571428571429,25.4
"414",2016-08-17,49,49,27.2857142857143,25.55
"415",2016-08-18,42,42,28.1428571428571,25.65
"416",2016-08-19,37,37,29,25.7833333333333
"417",2016-08-20,13,13,32,25.3666666666667
"418",2016-08-21,30,30,27.8571428571429,25.0833333333333
"419",2016-08-22,20,20,23.8571428571429,25.2833333333333
"420",2016-08-23,33,33,24.2857142857143,25.15
"421",2016-08-24,20,20,24.5714285714286,24.65
"422",2016-08-25,14,14,22.8571428571429,24.1666666666667
"423",2016-08-26,40,40,23.7142857142857,23.8333333333333
"424",2016-08-27,15,15,20.1428571428571,22.9083333333333
"425",2016-08-28,18,18,20.8571428571429,22.1166666666667
"426",2016-08-29,26,26,21.8571428571429,21.8
"427",2016-08-30,8,8,19,21.5666666666667
"428",2016-08-31,25,25,20.4285714285714,21.6833333333333
"429",2016-09-01,21,21,20.5714285714286,21.35
"430",2016-09-02,20,20,20.1428571428571,20.4
"431",2016-09-03,25,25,21.5714285714286,19.7
"432",2016-09-04,19,19,20.7142857142857,19.6
"433",2016-09-05,23,23,20.2857142857143,19.4333333333333
"434",2016-09-06,18,18,19.8571428571429,19.35
"435",2016-09-07,19,19,18.5714285714286,19.2666666666667
"436",2016-09-08,18,18,17.7857142857143,18.8166666666667
"437",2016-09-09,55,17,16.0714285714286,18.6333333333333
"438",2016-09-10,16,16,15.0714285714286,18.6833333333333
"439",2016-09-11,65,13.5,14.2142857142857,18.7833333333333
"440",2016-09-12,11,11,14.5,18.7333333333333
"441",2016-09-13,11,11,15.0714285714286,18.6583333333333
"442",2016-09-14,13,13,14.6428571428571,19.2
"443",2016-09-15,20,20,16.1428571428571,19.6333333333333
"444",2016-09-16,21,21,17.4285714285714,19.4166666666667
"445",2016-09-17,13,13,17.7142857142857,19.1833333333333
"446",2016-09-18,24,24,20.4285714285714,18.85
"447",2016-09-19,20,20,19.8571428571429,18.55
"448",2016-09-20,13,13,18.2857142857143,18.25
"449",2016-09-21,32,32,18.2857142857143,18.1666666666667
"450",2016-09-22,16,16,21.1428571428571,18.2
"451",2016-09-23,10,10,20.7142857142857,18.1666666666667
"452",2016-09-24,13,13,20.7142857142857,18.1833333333333
"453",2016-09-25,44,44,19.9285714285714,18.25
"454",2016-09-26,17,17,23.3571428571429,18.3416666666667
"455",2016-09-27,13,13,24.6428571428571,18.2666666666667
"456",2016-09-28,72,26.5,24.7857142857143,18.8666666666667
"457",2016-09-29,40,40,20.3571428571429,19.5166666666667
"458",2016-09-30,19,19,19.6428571428571,19.35
"459",2016-10-01,14,14,19.7857142857143,19.1
"460",2016-10-02,13,13,17.4285714285714,19.0333333333333
"461",2016-10-03,12,12,15.4285714285714,18.8166666666667
"462",2016-10-04,14,14,14.5714285714286,18.65
"463",2016-10-05,10,10,15.7142857142857,18.6666666666667
"464",2016-10-06,26,26,15.8571428571429,18.4166666666667
"465",2016-10-07,13,13,17.4285714285714,18.1166666666667
"466",2016-10-08,22,22,17.1428571428571,18.2833333333333
"467",2016-10-09,14,14,16.8571428571429,18.75
"468",2016-10-10,23,23,20.2857142857143,18.4833333333333
"469",2016-10-11,12,12,20.2857142857143,18.05
"470",2016-10-12,8,8,18.5714285714286,18.2
"471",2016-10-13,50,50,18.8571428571429,18.075
"472",2016-10-14,13,13,17.5714285714286,17.4833333333333
"473",2016-10-15,10,10,17.2857142857143,17.65
"474",2016-10-16,16,16,19.5714285714286,18.2
"475",2016-10-17,14,14,13.8571428571429,18.5166666666667
"476",2016-10-18,10,10,14.8571428571429,18.9
"477",2016-10-19,24,24,14.8571428571429,19.1833333333333
"478",2016-10-20,10,10,16.2857142857143,19.4333333333333
"479",2016-10-21,20,20,17.8571428571429,19.4
"480",2016-10-22,10,10,18.7142857142857,19.2166666666667
"481",2016-10-23,26,26,18,18.9416666666667
"482",2016-10-24,25,25,19.4285714285714,18.7333333333333
"483",2016-10-25,16,16,18.2857142857143,19.0166666666667
"484",2016-10-26,19,19,19.5714285714286,19.2833333333333
"485",2016-10-27,20,20,23,19.4666666666667
"486",2016-10-28,12,12,21.7142857142857,19.0666666666667
"487",2016-10-29,19,19,23.7142857142857,18.3666666666667
"488",2016-10-30,50,50,23.5714285714286,18.3666666666667
"489",2016-10-31,16,16,24.2857142857143,18.4166666666667
"490",2016-11-01,30,30,24.5714285714286,18.35
"491",2016-11-02,18,18,24.7142857142857,18.25
"492",2016-11-03,25,25,18.7142857142857,17.9666666666667
"493",2016-11-04,14,14,17.9285714285714,17.75
"494",2016-11-05,20,20,15.5,18.1166666666667
"495",2016-11-06,8,8,18.7857142857143,18.6666666666667
"496",2016-11-07,67,10.5,16.6428571428571,18.8166666666667
"497",2016-11-08,13,13,17.6428571428571,18.6
"498",2016-11-09,41,41,16.6428571428571,18.3333333333333
"499",2016-11-10,10,10,16.6428571428571,18.1416666666667
"500",2016-11-11,21,21,17.2857142857143,17.9333333333333
"501",2016-11-12,13,13,17.4285714285714,18.3833333333333
"502",2016-11-13,8,8,13.2857142857143,19.1666666666667
"503",2016-11-14,15,15,12.7142857142857,19.0333333333333
"504",2016-11-15,14,14,11.2857142857143,18.7
"505",2016-11-16,12,12,10.8571428571429,18.4666666666667
"506",2016-11-17,6,6,15.7142857142857,18.6833333333333
"507",2016-11-18,11,11,16.5714285714286,19
"508",2016-11-19,10,10,18,18.8333333333333
"509",2016-11-20,42,42,18.2857142857143,18.8
"510",2016-11-21,21,21,19,18.9666666666667
"511",2016-11-22,24,24,19.2142857142857,19.225
"512",2016-11-23,14,14,19.7857142857143,19.3333333333333
"513",2016-11-24,11,11,20.2142857142857,18.9333333333333
"514",2016-11-25,204,12.5,21.9285714285714,18.65
"515",2016-11-26,14,14,22.5,18.8166666666667
"516",2016-11-27,45,45,23.0714285714286,18.9666666666667
"517",2016-11-28,33,33,23.5,19.2333333333333
"518",2016-11-29,28,28,28.4285714285714,19.3833333333333
"519",2016-11-30,18,18,28.5714285714286,19.5
"520",2016-12-01,14,14,24.1428571428571,19.6833333333333
"521",2016-12-02,47,47,22,20.0333333333333
"522",2016-12-03,15,15,20.8571428571429,20.45
"523",2016-12-04,14,14,20.2857142857143,21.2333333333333
"524",2016-12-05,18,18,20.5714285714286,21.6833333333333
"525",2016-12-06,20,20,15.8571428571429,21.45
"526",2016-12-07,14,14,16.5714285714286,21.5166666666667
"527",2016-12-08,16,16,17.5714285714286,21.8083333333333
"528",2016-12-09,14,14,18.1428571428571,22.0333333333333
"529",2016-12-10,20,20,17.4285714285714,22.325
"530",2016-12-11,60,21,17.8571428571429,22.55
"531",2016-12-12,22,22,18.2857142857143,22.1333333333333
"532",2016-12-13,15,15,18.8571428571429,21.5333333333333
"533",2016-12-14,17,17,19,21.2
"534",2016-12-15,19,19,19,21.05
"535",2016-12-16,18,18,22.5714285714286,21.15
"536",2016-12-17,21,21,25,20.9
"537",2016-12-18,21,21,25,21
"538",2016-12-19,47,47,26.8571428571429,21.8
"539",2016-12-20,65,32,27.6428571428571,22.0666666666667
"540",2016-12-21,17,17,26.7857142857143,22.5
"541",2016-12-22,32,32,27.5,22.9666666666667
"542",2016-12-23,63,23.5,22.7857142857143,22.85
"543",2016-12-24,15,15,21.0714285714286,23.0666666666667
"544",2016-12-25,26,26,21.7857142857143,23.2666666666667
"545",2016-12-26,14,14,19.9285714285714,22.9
"546",2016-12-27,20,20,19.1428571428571,22.6166666666667
"547",2016-12-28,22,22,19.8571428571429,22.5666666666667
"548",2016-12-29,19,19,19.8571428571429,22.4333333333333
"549",2016-12-30,18,18,23.8571428571429,22.2166666666667
"550",2016-12-31,20,20,26,21.85
"551",2017-01-01,26,26,24.7142857142857,21.4666666666667
"552",2017-01-02,42,42,29.2857142857143,21.1833333333333
"553",2017-01-03,35,35,28.2857142857143,20.4833333333333
"554",2017-01-04,13,13,27.1428571428571,19.8833333333333
"555",2017-01-05,51,51,27.8571428571429,20.35
"556",2017-01-06,11,11,24,21.1416666666667
"557",2017-01-07,12,12,19.5714285714286,21.9083333333333
"558",2017-01-08,31,31,20.8571428571429,22.8583333333333
"559",2017-01-09,15,15,15.2857142857143,23.4833333333333
"560",2017-01-10,4,4,15.4285714285714,23.825
"561",2017-01-11,22,22,15.2857142857143,23.95
"562",2017-01-12,12,12,11.4285714285714,23.7
"563",2017-01-13,12,12,11,23.6666666666667
"564",2017-01-14,11,11,12.2857142857143,23.6
"565",2017-01-15,4,4,11,23.3833333333333
"566",2017-01-16,12,12,13.5714285714286,23.35
"567",2017-01-17,13,13,18.5714285714286,23.175
"568",2017-01-18,13,13,24.0714285714286,23.1666666666667
"569",2017-01-19,56,30,30.9285714285714,23.45
"570",2017-01-20,47,47,35.4285714285714,22.8666666666667
"571",2017-01-21,120,49.5,38.5714285714286,22.1333333333333
"572",2017-01-22,52,52,40.3571428571429,22.15
"573",2017-01-23,106,43.5,38.3571428571429,22.35
"574",2017-01-24,35,35,33.2142857142857,22.4666666666667
"575",2017-01-25,77,25.5,30.1428571428571,22.45
"576",2017-01-26,16,16,23.4285714285714,22.5
"577",2017-01-27,11,11,20.0714285714286,22.5166666666667
"578",2017-01-28,28,28,18.5,22.6666666666667
"579",2017-01-29,5,5,19.6428571428571,22.8
"580",2017-01-30,20,20,23.5,23.0333333333333
"581",2017-01-31,24,24,25.0714285714286,23.3333333333333
"582",2017-02-01,57,33.5,22.0714285714286,23.4833333333333
"583",2017-02-02,43,43,22.9285714285714,23.5
"584",2017-02-03,22,22,21.9285714285714,23.1833333333333
"585",2017-02-04,7,7,24.5,22.4166666666667
"586",2017-02-05,11,11,21.2857142857143,21.3083333333333
"587",2017-02-06,13,13,16.1428571428571,20.0333333333333
"588",2017-02-07,42,42,16.1428571428571,18.8666666666667
"589",2017-02-08,11,11,17,18.1
"590",2017-02-09,7,7,18.2857142857143,17.775
"591",2017-02-10,22,22,18,17.8
"592",2017-02-11,13,13,14.5714285714286,18.0166666666667
"593",2017-02-12,20,20,15.2857142857143,18.35
"594",2017-02-13,11,11,16.8571428571429,18.7166666666667
"595",2017-02-14,18,18,15,19.2833333333333
"596",2017-02-15,16,16,15.2857142857143,19.5
"597",2017-02-16,18,18,14.7142857142857,19.2083333333333
"598",2017-02-17,9,9,15.1428571428571,18.6166666666667
"599",2017-02-18,15,15,14.1428571428571,18.05
"600",2017-02-19,16,16,13.9285714285714,18.2
"601",2017-02-20,14,14,13.9285714285714,18.6333333333333
"602",2017-02-21,11,11,15.9285714285714,19.0666666666667
"603",2017-02-22,66,14.5,16.6428571428571,18.9666666666667
"604",2017-02-23,18,18,17.2142857142857,18.8
"605",2017-02-24,23,23,20.7857142857143,19.1833333333333
"606",2017-02-25,20,20,21.5,19.4833333333333
"607",2017-02-26,20,20,25.5714285714286,19.7333333333333
"608",2017-02-27,39,39,25,19.95
"609",2017-02-28,16,16,25.4285714285714,20.15
"610",2017-03-01,43,43,24.7142857142857,20.3333333333333
"611",2017-03-02,14,14,24.1428571428571,20.5833333333333
"612",2017-03-03,26,26,21.7142857142857,20.9833333333333
"613",2017-03-04,15,15,22.5714285714286,21.4666666666667
"614",2017-03-05,16,16,20.4285714285714,21.9666666666667
"615",2017-03-06,22,22,21.4285714285714,22.2833333333333
"616",2017-03-07,22,22,20.8571428571429,22.5333333333333
"617",2017-03-08,28,28,21.4285714285714,23.2333333333333
"618",2017-03-09,21,21,23.1428571428571,23.725
"619",2017-03-10,22,22,23.1428571428571,23.7333333333333
"620",2017-03-11,19,19,23.4285714285714,23.9666666666667
"621",2017-03-12,28,28,22.1428571428571,24.2333333333333
"622",2017-03-13,22,22,22.1428571428571,24.3166666666667
"623",2017-03-14,24,24,23,23.95
"624",2017-03-15,19,19,24.5714285714286,23.6166666666667
"625",2017-03-16,21,21,24.2857142857143,23.2
"626",2017-03-17,28,28,25.1428571428571,22.8
"627",2017-03-18,30,30,24.8571428571429,22.9333333333333
"628",2017-03-19,26,26,25.4285714285714,23.4166666666667
"629",2017-03-20,28,28,28.7142857142857,23.85
"630",2017-03-21,22,22,26.2857142857143,23.9833333333333
"631",2017-03-22,23,23,25.1428571428571,24.0333333333333
"632",2017-03-23,44,44,26.1428571428571,23.85
"633",2017-03-24,11,11,25.8571428571429,23.65
"634",2017-03-25,22,22,25.4285714285714,23.5166666666667
"635",2017-03-26,33,33,24.7142857142857,23.4
"636",2017-03-27,66,26,20.8571428571429,23.4333333333333
"637",2017-03-28,19,19,21.7142857142857,23.4166666666667
"638",2017-03-29,73,18,20.8571428571429,23.2833333333333
"639",2017-03-30,17,17,20.7142857142857,23.275
"640",2017-03-31,17,17,22.4285714285714,23.3333333333333
"641",2017-04-01,16,16,22.4285714285714,23.1
"642",2017-04-02,32,32,23.7142857142857,23.0666666666667
"643",2017-04-03,38,38,24.1428571428571,23.1166666666667
"644",2017-04-04,19,19,24.4285714285714,22.7833333333333
"645",2017-04-05,27,27,24.7142857142857,22.4666666666667
"646",2017-04-06,20,20,22.5714285714286,22.2666666666667
"647",2017-04-07,124,19,19.5714285714286,22.3166666666667
"648",2017-04-08,18,18,21.4285714285714,22.7833333333333
"649",2017-04-09,17,17,20,23.3
"650",2017-04-10,17,17,20.1428571428571,23.2166666666667
"651",2017-04-11,32,32,20.5,22.8833333333333
"652",2017-04-12,17,17,21.0714285714286,22.8333333333333
"653",2017-04-13,21,21,20.5,22.9833333333333
"654",2017-04-14,57,21.5,24.2142857142857,23.1333333333333
"655",2017-04-15,22,22,21.9285714285714,23.5
"656",2017-04-16,13,13,22.0714285714286,24.0583333333333
"657",2017-04-17,43,43,20.9285714285714,24.1833333333333
"658",2017-04-18,16,16,20.7142857142857,23.9166666666667
"659",2017-04-19,18,18,24.7142857142857,23.6666666666667
"660",2017-04-20,13,13,27.5714285714286,23.8166666666667
"661",2017-04-21,20,20,25.8571428571429,24.65
"662",2017-04-22,50,50,26.2857142857143,25.2666666666667
"663",2017-04-23,33,33,26.5714285714286,25.25
"664",2017-04-24,31,31,27.8571428571429,25.2666666666667
"665",2017-04-25,19,19,28.4285714285714,25.3166666666667
"666",2017-04-26,20,20,24.1428571428571,25.1333333333333
"667",2017-04-27,71,22,24.5714285714286,25.05
"668",2017-04-28,24,24,24.5,25.1666666666667
"669",2017-04-29,20,20,25.3571428571429,25.1916666666667
"670",2017-04-30,36,36,26.6428571428571,25.1333333333333
"671",2017-05-01,80,30.5,25.3571428571429,25.25
"672",2017-05-02,25,25,27.9285714285714,24.9333333333333
"673",2017-05-03,29,29,32.9285714285714,24.5333333333333
"674",2017-05-04,13,13,30.7857142857143,24.7166666666667
"675",2017-05-05,42,42,28.5714285714286,25.15
"676",2017-05-06,55,55,28,25.35
"677",2017-05-07,21,21,26.1428571428571,24.75
"678",2017-05-08,15,15,27.4285714285714,24
"679",2017-05-09,21,21,24.5714285714286,23.4583333333333
"680",2017-05-10,16,16,20,23.1333333333333
"681",2017-05-11,22,22,20,23.4
"682",2017-05-12,22,22,20.5714285714286,23.7333333333333
"683",2017-05-13,23,23,20.8571428571429,23.6333333333333
"684",2017-05-14,21,21,20.5714285714286,23.6833333333333
"685",2017-05-15,19,19,20.4285714285714,23.55
"686",2017-05-16,23,23,20.7142857142857,23.025
"687",2017-05-17,14,14,22.1428571428571,22.9833333333333
"688",2017-05-18,21,21,20.8571428571429,23.65
"689",2017-05-19,24,24,21.2857142857143,24.4
"690",2017-05-20,33,33,20.2857142857143,24.5666666666667
"691",2017-05-21,12,12,20.5,23.95
"692",2017-05-22,22,22,19.6428571428571,23.6
"693",2017-05-23,16,16,21.9285714285714,23.9666666666667
"694",2017-05-24,66,15.5,20.3571428571429,24.1333333333333
"695",2017-05-25,15,15,21.2142857142857,24.2
"696",2017-05-26,40,40,22.2142857142857,24.5666666666667
"697",2017-05-27,22,22,22.6428571428571,24.8333333333333
"698",2017-05-28,18,18,22.7142857142857,24.9166666666667
"699",2017-05-29,29,29,25.8571428571429,25.0333333333333
"700",2017-05-30,19,19,28.2857142857143,25.2
"701",2017-05-31,16,16,29.4285714285714,25.5166666666667
"702",2017-06-01,37,37,31.8571428571429,26.0166666666667
"703",2017-06-02,57,57,31.2857142857143,26.45
"704",2017-06-03,30,30,32.8571428571429,26.8166666666667
"705",2017-06-04,35,35,34.5714285714286,27.2666666666667
"706",2017-06-05,25,25,31.8571428571429,27.65
"707",2017-06-06,30,30,27,27.9166666666667
"708",2017-06-07,28,28,28,28.1833333333333
"709",2017-06-08,18,18,26.2857142857143,28.575
"710",2017-06-09,23,23,26.5714285714286,28.9
"711",2017-06-10,37,37,25.7142857142857,28.7166666666667
"712",2017-06-11,23,23,25.4285714285714,28.45
"713",2017-06-12,27,27,27.8571428571429,28.7
"714",2017-06-13,24,24,29.1428571428571,29.0166666666667
"715",2017-06-14,26,26,28,29.1333333333333
"716",2017-06-15,35,35,30.1428571428571,29.3
"717",2017-06-16,32,32,32.8571428571429,29.2
"718",2017-06-17,29,29,32.5714285714286,28.4166666666667
"719",2017-06-18,38,38,32.8571428571429,27.8
"720",2017-06-19,46,46,31.5714285714286,27.4
"721",2017-06-20,22,22,31.1428571428571,26.8833333333333
"722",2017-06-21,28,28,30,26.45
"723",2017-06-22,26,26,27.8571428571429,26.05
"724",2017-06-23,29,29,24.5714285714286,26.0833333333333
"725",2017-06-24,21,21,26,26.25
"726",2017-06-25,23,23,26.8571428571429,26.0333333333333
"727",2017-06-26,23,23,26.1428571428571,25.7833333333333
"728",2017-06-27,32,32,25.4285714285714,25.6
"729",2017-06-28,34,34,25.7142857142857,25.4833333333333
"730",2017-06-29,21,21,25.8571428571429,25.35
"731",2017-06-30,24,24,26.2857142857143,24.8166666666667
"732",2017-07-01,23,23,23.8571428571429,24.3
"733",2017-07-02,24,24,21,24.3166666666667
"734",2017-07-03,26,26,20.1428571428571,24.55
"735",2017-07-04,15,15,19.4285714285714,24.15
"736",2017-07-05,14,14,20.2857142857143,23.5666666666667
"737",2017-07-06,15,15,20,23.2666666666667
"738",2017-07-07,19,19,19.8571428571429,22.8333333333333
"739",2017-07-08,29,29,20.5714285714286,22.45
"740",2017-07-09,22,22,21.2857142857143,22.2166666666667
"741",2017-07-10,25,25,22.7142857142857,22.2666666666667
"742",2017-07-11,20,20,22.4285714285714,22.3333333333333
"743",2017-07-12,19,19,20,21.9666666666667
"744",2017-07-13,25,25,20.2857142857143,21.4333333333333
"745",2017-07-14,17,17,22.1428571428571,21.0666666666667
"746",2017-07-15,12,12,25.4285714285714,20.9
"747",2017-07-16,24,24,25.1428571428571,20.7166666666667
"748",2017-07-17,38,38,23.8571428571429,20.5
"749",2017-07-18,43,43,23.7142857142857,20.7666666666667
"750",2017-07-19,17,17,23.7142857142857,21.25
"751",2017-07-20,16,16,23.1428571428571,21.5333333333333
"752",2017-07-21,16,16,20,21.7833333333333
"753",2017-07-22,12,12,18.2857142857143,21.7666666666667
"754",2017-07-23,20,20,18.5714285714286,21.5666666666667
"755",2017-07-24,16,16,18.2857142857143,21.8833333333333
"756",2017-07-25,31,31,18.8571428571429,22.5
"757",2017-07-26,19,19,19,22.6833333333333
"758",2017-07-27,14,14,19.2857142857143,22.6166666666667
"759",2017-07-28,20,20,19,22.4
"760",2017-07-29,13,13,17.4285714285714,22.8666666666667
"761",2017-07-30,22,22,21.2857142857143,23.6333333333333
"762",2017-07-31,14,14,22.7142857142857,23.5666666666667
"763",2017-08-01,20,20,23,23.0833333333333
"764",2017-08-02,46,46,24.2857142857143,22.7
"765",2017-08-03,24,24,22.7142857142857,22.7166666666667
"766",2017-08-04,22,22,24.2857142857143,22.8
"767",2017-08-05,22,22,27.8571428571429,23
"768",2017-08-06,11,11,26.8571428571429,23.35
"769",2017-08-07,25,25,25.8571428571429,23.7833333333333
"770",2017-08-08,45,45,25.2857142857143,24.7666666666667
"771",2017-08-09,39,39,24,25.3666666666667
"772",2017-08-10,17,17,30.5714285714286,25.3333333333333
"773",2017-08-11,18,18,29.5714285714286,25.5833333333333
"774",2017-08-12,13,13,25.1428571428571,26.2166666666667
"775",2017-08-13,57,57,22.2857142857143,27.1833333333333
"776",2017-08-14,18,18,25.4285714285714,27.7666666666667
"777",2017-08-15,14,14,26,28
"778",2017-08-16,19,19,26.4285714285714,28.1833333333333
"779",2017-08-17,39,39,22.2857142857143,27.75
"780",2017-08-18,22,22,22.7142857142857,27.45
"781",2017-08-19,16,16,26,27.7833333333333
"782",2017-08-20,28,28,31.5714285714286,27.9
"783",2017-08-21,21,21,29.5714285714286,27.9166666666667
"784",2017-08-22,37,37,29.7142857142857,28.0333333333333
"785",2017-08-23,58,58,31,27.8
"786",2017-08-24,25,25,33.7142857142857,27.2666666666667
"787",2017-08-25,23,23,37,27.6166666666667
"788",2017-08-26,25,25,35.4285714285714,28.5666666666667
"789",2017-08-27,47,47,30.5714285714286,NA
"790",2017-08-28,44,44,30,NA
"791",2017-08-29,26,26,29.4285714285714,NA
"792",2017-08-30,24,24,30.5714285714286,NA
"793",2017-08-31,21,21,28.5714285714286,NA
"794",2017-09-01,19,19,24.8571428571429,NA
"795",2017-09-02,33,33,23.4285714285714,NA
"796",2017-09-03,33,33,23.8571428571429,NA
"797",2017-09-04,18,18,25,NA
"798",2017-09-05,16,16,25.5714285714286,NA
"799",2017-09-06,27,27,28.5714285714286,NA
"800",2017-09-07,29,29,29.2857142857143,NA
"801",2017-09-08,23,23,NA,NA
"802",2017-09-09,54,54,NA,NA
"803",2017-09-10,38,38,NA,NA
